"Scenario","Difficulty","Hawthorne","Quality1","Quality2","Method","statistic","true_value","coverage_rate","mean_ci_width","nominal_coverage"
"s1","Easy",0,"A","A","cset","err_rate",0.03048407943541,0.825,0.0193203553171485,0.95
"s1","Easy",0,"A","A","cset","inc_rate",0.143234747940118,0.91,0.0882014420236455,0.95
"s1","Easy",0,"A","A","examiner","err_rate",0.0307648350927428,0.88,0.0201873628149057,0.95
"s1","Easy",0,"A","A","examiner","inc_rate",0.143481586557315,0.605,0.0424971765257132,0.95
"s1","Easy",0,"A","A","row","err_rate",0.0304570453095584,0.66,0.0132167186191771,0.95
"s1","Easy",0,"A","A","row","inc_rate",0.141644210309029,0.405,0.0247193619788233,0.95
"s2","Easy",0,"B","B","cset","err_rate",0.0458434498085606,0.84,0.0254855459512434,0.95
"s2","Easy",0,"B","B","cset","inc_rate",0.182258018958497,0.905,0.104026445700253,0.95
"s2","Easy",0,"B","B","examiner","err_rate",0.0457062775151136,0.86,0.027333578165536,0.95
"s2","Easy",0,"B","B","examiner","inc_rate",0.182551293653013,0.61,0.0464473902242405,0.95
"s2","Easy",0,"B","B","row","err_rate",0.045689017971065,0.645,0.0164414934856454,0.95
"s2","Easy",0,"B","B","row","inc_rate",0.181277890622051,0.38,0.0274950046830927,0.95
"s3","Easy",0,"C","C","cset","err_rate",0.0696601809226791,0.775,0.0319044168138457,0.95
"s3","Easy",0,"C","C","cset","inc_rate",0.222686082558267,0.905,0.118778511035652,0.95
"s3","Easy",0,"C","C","examiner","err_rate",0.0690548639535538,0.875,0.0374694774952451,0.95
"s3","Easy",0,"C","C","examiner","inc_rate",0.224280314347961,0.555,0.0488347466959045,0.95
"s3","Easy",0,"C","C","row","err_rate",0.069039203216002,0.645,0.0207164199036563,0.95
"s3","Easy",0,"C","C","row","inc_rate",0.22291587845928,0.41,0.0295722669171156,0.95
"s4","Easy",0,"C","D","cset","err_rate",0.0724204292873938,0.845,0.0319554354425611,0.95
"s4","Easy",0,"C","D","cset","inc_rate",0.241731708904193,0.935,0.123924400057573,0.95
"s4","Easy",0,"C","D","examiner","err_rate",0.0720981823238313,0.9,0.0388584902862382,0.95
"s4","Easy",0,"C","D","examiner","inc_rate",0.24097456301067,0.555,0.0494008544945784,0.95
"s4","Easy",0,"C","D","row","err_rate",0.0722297395691777,0.64,0.0211777068790039,0.95
"s4","Easy",0,"C","D","row","inc_rate",0.238529361683958,0.385,0.0304522484056067,0.95
"s5","Easy",0.2,"A","A","cset","err_rate",0.0298781890501726,0.81,0.0192000384370841,0.95
"s5","Easy",0.2,"A","A","cset","inc_rate",0.14887909070279,0.925,0.090668358493882,0.95
"s5","Easy",0.2,"A","A","examiner","err_rate",0.0301168444833514,0.83,0.020197948535747,0.95
"s5","Easy",0.2,"A","A","examiner","inc_rate",0.149484271983373,0.625,0.0430886631379987,0.95
"s5","Easy",0.2,"A","A","row","err_rate",0.0299527162021958,0.66,0.0132367270016232,0.95
"s5","Easy",0.2,"A","A","row","inc_rate",0.148877636958836,0.39,0.0252812177143564,0.95
"s6","Easy",0.2,"B","B","cset","err_rate",0.0446295559337019,0.84,0.0250138005618135,0.95
"s6","Easy",0.2,"B","B","cset","inc_rate",0.18841582524761,0.915,0.106232207757264,0.95
"s6","Easy",0.2,"B","B","examiner","err_rate",0.0447476251599848,0.865,0.0264166259492816,0.95
"s6","Easy",0.2,"B","B","examiner","inc_rate",0.187826166150117,0.59,0.0467830687449945,0.95
"s6","Easy",0.2,"B","B","row","err_rate",0.0449064036645599,0.68,0.0163271159802231,0.95
"s6","Easy",0.2,"B","B","row","inc_rate",0.189265479043231,0.38,0.0278765052852457,0.95
"s7","Easy",0.2,"C","C","cset","err_rate",0.0681299894156711,0.84,0.0314613968206631,0.95
"s7","Easy",0.2,"C","C","cset","inc_rate",0.229351103544601,0.925,0.119925621234756,0.95
"s7","Easy",0.2,"C","C","examiner","err_rate",0.0684840979575838,0.905,0.0370634735178119,0.95
"s7","Easy",0.2,"C","C","examiner","inc_rate",0.230213181861942,0.56,0.0489229275702955,0.95
"s7","Easy",0.2,"C","C","row","err_rate",0.0685587297658581,0.655,0.0205311043144391,0.95
"s7","Easy",0.2,"C","C","row","inc_rate",0.230155455510199,0.4,0.0299846173068178,0.95
"s8","Easy",0.2,"C","D","cset","err_rate",0.0708594919010293,0.79,0.0318472257423732,0.95
"s8","Easy",0.2,"C","D","cset","inc_rate",0.248074598499922,0.93,0.125505080479923,0.95
"s8","Easy",0.2,"C","D","examiner","err_rate",0.0714176458303266,0.89,0.0387106214070676,0.95
"s8","Easy",0.2,"C","D","examiner","inc_rate",0.249628994237372,0.585,0.049988395793868,0.95
"s8","Easy",0.2,"C","D","row","err_rate",0.0718420720088782,0.64,0.0212539078531183,0.95
"s8","Easy",0.2,"C","D","row","inc_rate",0.250190676944723,0.385,0.0308335659726473,0.95
"s9","Easy",0.5,"A","A","cset","err_rate",0.0291710461702389,0.85,0.0189469326662714,0.95
"s9","Easy",0.5,"A","A","cset","inc_rate",0.156812738394854,0.935,0.095033163067307,0.95
"s9","Easy",0.5,"A","A","examiner","err_rate",0.0292378731567407,0.865,0.0198682003506853,0.95
"s9","Easy",0.5,"A","A","examiner","inc_rate",0.158137182650493,0.615,0.0439106093527125,0.95
"s9","Easy",0.5,"A","A","row","err_rate",0.0293949238410662,0.705,0.0130842240323882,0.95
"s9","Easy",0.5,"A","A","row","inc_rate",0.157350888875939,0.4,0.0259101974257536,0.95
"s10","Easy",0.5,"B","B","cset","err_rate",0.0435945860961647,0.825,0.0242420242065998,0.95
"s10","Easy",0.5,"B","B","cset","inc_rate",0.197511870542661,0.905,0.110467786860653,0.95
"s10","Easy",0.5,"B","B","examiner","err_rate",0.0440538821337681,0.865,0.0265064933193255,0.95
"s10","Easy",0.5,"B","B","examiner","inc_rate",0.198468964939597,0.615,0.0472402419829909,0.95
"s10","Easy",0.5,"B","B","row","err_rate",0.0433092705074333,0.675,0.0162570497553065,0.95
"s10","Easy",0.5,"B","B","row","inc_rate",0.196272924849865,0.345,0.0284415804928434,0.95
"s11","Easy",0.5,"C","C","cset","err_rate",0.0663076486590569,0.815,0.0306347189284496,0.95
"s11","Easy",0.5,"C","C","cset","inc_rate",0.23913351010197,0.905,0.123716945969029,0.95
"s11","Easy",0.5,"C","C","examiner","err_rate",0.0667180149252999,0.91,0.0366037018320613,0.95
"s11","Easy",0.5,"C","C","examiner","inc_rate",0.239805160306813,0.56,0.0495788709718681,0.95
"s11","Easy",0.5,"C","C","row","err_rate",0.0661271905644068,0.645,0.0204451943597779,0.95
"s11","Easy",0.5,"C","C","row","inc_rate",0.240609660140557,0.375,0.0303776501121485,0.95
"s12","Easy",0.5,"C","D","cset","err_rate",0.0688177865601537,0.83,0.0308087992957787,0.95
"s12","Easy",0.5,"C","D","cset","inc_rate",0.258829870628663,0.94,0.12769025787552,0.95
"s12","Easy",0.5,"C","D","examiner","err_rate",0.069147190015664,0.905,0.0380704508156246,0.95
"s12","Easy",0.5,"C","D","examiner","inc_rate",0.257605687927976,0.535,0.0501982819780247,0.95
"s12","Easy",0.5,"C","D","row","err_rate",0.0694045746993602,0.63,0.0211489940068119,0.95
"s12","Easy",0.5,"C","D","row","inc_rate",0.259346104823457,0.35,0.0312224981986066,0.95
"s13","Medium",0,"A","A","cset","err_rate",0.0706535241413412,0.79,0.0332239029844184,0.95
"s13","Medium",0,"A","A","cset","inc_rate",0.334758060626987,0.875,0.107538433500223,0.95
"s13","Medium",0,"A","A","examiner","err_rate",0.070381130565653,0.875,0.0410636388349996,0.95
"s13","Medium",0,"A","A","examiner","inc_rate",0.333837675935896,0.78,0.0829949979592458,0.95
"s13","Medium",0,"A","A","row","err_rate",0.0710077217442405,0.565,0.0225629533460369,0.95
"s13","Medium",0,"A","A","row","inc_rate",0.33535003954471,0.44,0.0337615069627816,0.95
"s14","Medium",0,"B","B","cset","err_rate",0.10208045536481,0.815,0.0463112807070191,0.95
"s14","Medium",0,"B","B","cset","inc_rate",0.413497635149242,0.865,0.119862772792751,0.95
"s14","Medium",0,"B","B","examiner","err_rate",0.10267556451324,0.88,0.0532781633303272,0.95
"s14","Medium",0,"B","B","examiner","inc_rate",0.415415097247527,0.73,0.0839500118435483,0.95
"s14","Medium",0,"B","B","row","err_rate",0.102107120591472,0.54,0.0282846014510924,0.95
"s14","Medium",0,"B","B","row","inc_rate",0.413345340648276,0.385,0.0351052770876312,0.95
"s15","Medium",0,"C","C","cset","err_rate",0.143209265063757,0.81,0.0632493524975489,0.95
"s15","Medium",0,"C","C","cset","inc_rate",0.486652294343475,0.875,0.130261172965646,0.95
"s15","Medium",0,"C","C","examiner","err_rate",0.143263028624982,0.84,0.0671477954161003,0.95
"s15","Medium",0,"C","C","examiner","inc_rate",0.488653736142521,0.69,0.0794575496382379,0.95
"s15","Medium",0,"C","C","row","err_rate",0.144404727142807,0.515,0.0350082362992747,0.95
"s15","Medium",0,"C","C","row","inc_rate",0.487593793782076,0.41,0.0357715698186463,0.95
"s16","Medium",0,"C","D","cset","err_rate",0.145030346410814,0.865,0.0653808910570164,0.95
"s16","Medium",0,"C","D","cset","inc_rate",0.51882421652666,0.895,0.132899940503366,0.95
"s16","Medium",0,"C","D","examiner","err_rate",0.146428110159119,0.85,0.0697059904108304,0.95
"s16","Medium",0,"C","D","examiner","inc_rate",0.521845482214591,0.67,0.0777834850282112,0.95
"s16","Medium",0,"C","D","row","err_rate",0.146154927307581,0.515,0.0362616380421124,0.95
"s16","Medium",0,"C","D","row","inc_rate",0.518870642324315,0.415,0.0357713220654068,0.95
"s17","Medium",0.2,"A","A","cset","err_rate",0.0696644525167156,0.81,0.0329185548609301,0.95
"s17","Medium",0.2,"A","A","cset","inc_rate",0.347074789266359,0.885,0.109859784730301,0.95
"s17","Medium",0.2,"A","A","examiner","err_rate",0.0699610395719081,0.87,0.0403595181890852,0.95
"s17","Medium",0.2,"A","A","examiner","inc_rate",0.348463156570427,0.79,0.0832981646454552,0.95
"s17","Medium",0.2,"A","A","row","err_rate",0.069296521394511,0.58,0.0224930078329269,0.95
"s17","Medium",0.2,"A","A","row","inc_rate",0.34655698979228,0.43,0.0340285056197719,0.95
"s18","Medium",0.2,"B","B","cset","err_rate",0.100061608009983,0.81,0.0457279331407567,0.95
"s18","Medium",0.2,"B","B","cset","inc_rate",0.423971183244519,0.86,0.121435094250184,0.95
"s18","Medium",0.2,"B","B","examiner","err_rate",0.101025189458457,0.855,0.0517879893004701,0.95
"s18","Medium",0.2,"B","B","examiner","inc_rate",0.427053088606283,0.735,0.0834016662724474,0.95
"s18","Medium",0.2,"B","B","row","err_rate",0.0997676720338257,0.58,0.0283154685971731,0.95
"s18","Medium",0.2,"B","B","row","inc_rate",0.425664861117461,0.375,0.0352437562238061,0.95
"s19","Medium",0.2,"C","C","cset","err_rate",0.140086282102779,0.845,0.0629302859963198,0.95
"s19","Medium",0.2,"C","C","cset","inc_rate",0.498210651240364,0.87,0.130193651050405,0.95
"s19","Medium",0.2,"C","C","examiner","err_rate",0.139724463203335,0.85,0.0661868856188085,0.95
"s19","Medium",0.2,"C","C","examiner","inc_rate",0.500430537689522,0.68,0.0787010699862615,0.95
"s19","Medium",0.2,"C","C","row","err_rate",0.139806903698641,0.52,0.0348943254015529,0.95
"s19","Medium",0.2,"C","C","row","inc_rate",0.499220301192929,0.39,0.035909367490462,0.95
"s20","Medium",0.2,"C","D","cset","err_rate",0.14164261226734,0.815,0.0656445599556801,0.95
"s20","Medium",0.2,"C","D","cset","inc_rate",0.528778137119079,0.9,0.133858123778593,0.95
"s20","Medium",0.2,"C","D","examiner","err_rate",0.142656379015457,0.855,0.067519005860681,0.95
"s20","Medium",0.2,"C","D","examiner","inc_rate",0.530255067140958,0.68,0.0764052165718266,0.95
"s20","Medium",0.2,"C","D","row","err_rate",0.142199030239486,0.51,0.036693007360009,0.95
"s20","Medium",0.2,"C","D","row","inc_rate",0.53246386520176,0.41,0.0358204951589993,0.95
"s21","Medium",0.5,"A","A","cset","err_rate",0.0682054013223117,0.81,0.032839179136146,0.95
"s21","Medium",0.5,"A","A","cset","inc_rate",0.36600663155082,0.895,0.113116145550315,0.95
"s21","Medium",0.5,"A","A","examiner","err_rate",0.06855570809928,0.855,0.0397996898371624,0.95
"s21","Medium",0.5,"A","A","examiner","inc_rate",0.366821724115662,0.785,0.0836471997176542,0.95
"s21","Medium",0.5,"A","A","row","err_rate",0.0669370137921504,0.59,0.0224942085224566,0.95
"s21","Medium",0.5,"A","A","row","inc_rate",0.363388298265634,0.465,0.0344633380790085,0.95
"s22","Medium",0.5,"B","B","cset","err_rate",0.0969916977931616,0.795,0.0456432577565316,0.95
"s22","Medium",0.5,"B","B","cset","inc_rate",0.441902814482472,0.855,0.124151023900365,0.95
"s22","Medium",0.5,"B","B","examiner","err_rate",0.0982459494187295,0.82,0.0519677098267853,0.95
"s22","Medium",0.5,"B","B","examiner","inc_rate",0.445078824603881,0.735,0.0836165697949107,0.95
"s22","Medium",0.5,"B","B","row","err_rate",0.0965369596568828,0.605,0.0283435370713525,0.95
"s22","Medium",0.5,"B","B","row","inc_rate",0.442669296943388,0.38,0.0353236159507197,0.95
"s23","Medium",0.5,"C","C","cset","err_rate",0.136214322748403,0.86,0.0625976020993088,0.95
"s23","Medium",0.5,"C","C","cset","inc_rate",0.515561274842214,0.9,0.132924000494559,0.95
"s23","Medium",0.5,"C","C","examiner","err_rate",0.136002688907729,0.87,0.0650776060303228,0.95
"s23","Medium",0.5,"C","C","examiner","inc_rate",0.517129637120502,0.665,0.0773933672797162,0.95
"s23","Medium",0.5,"C","C","row","err_rate",0.136737462307265,0.51,0.0351899217398018,0.95
"s23","Medium",0.5,"C","C","row","inc_rate",0.516436182285811,0.395,0.0359974158799582,0.95
"s24","Medium",0.5,"C","D","cset","err_rate",0.136691125371138,0.875,0.0643136357661196,0.95
"s24","Medium",0.5,"C","D","cset","inc_rate",0.545492928251179,0.885,0.134852945510639,0.95
"s24","Medium",0.5,"C","D","examiner","err_rate",0.138373298026236,0.865,0.0676071451585954,0.95
"s24","Medium",0.5,"C","D","examiner","inc_rate",0.548505120427891,0.645,0.0752765824400008,0.95
"s24","Medium",0.5,"C","D","row","err_rate",0.138837286695221,0.57,0.0366778067844367,0.95
"s24","Medium",0.5,"C","D","row","inc_rate",0.547373387219377,0.395,0.0357157880915644,0.95
"s25","Difficult",0,"A","A","cset","err_rate",0.120649280373982,0.76,0.0457054152548134,0.95
"s25","Difficult",0,"A","A","cset","inc_rate",0.510519750098218,0.82,0.0992264113334435,0.95
"s25","Difficult",0,"A","A","examiner","err_rate",0.119357748442307,0.865,0.0646521027716525,0.95
"s25","Difficult",0,"A","A","examiner","inc_rate",0.50795444423135,0.83,0.104425444710105,0.95
"s25","Difficult",0,"A","A","row","err_rate",0.12101587181643,0.62,0.0333035612647655,0.95
"s25","Difficult",0,"A","A","row","inc_rate",0.508813157190848,0.355,0.035541429873655,0.95
"s26","Difficult",0,"B","B","cset","err_rate",0.173143392872534,0.8,0.0672246081516364,0.95
"s26","Difficult",0,"B","B","cset","inc_rate",0.60424007465813,0.82,0.103191879935639,0.95
"s26","Difficult",0,"B","B","examiner","err_rate",0.172622605677706,0.89,0.0829588314539255,0.95
"s26","Difficult",0,"B","B","examiner","inc_rate",0.604808227388194,0.78,0.0976646509634948,0.95
"s26","Difficult",0,"B","B","row","err_rate",0.173232365632636,0.595,0.0431692522083147,0.95
"s26","Difficult",0,"B","B","row","inc_rate",0.606771583610217,0.41,0.0350104573848482,0.95
"s27","Difficult",0,"C","C","cset","err_rate",0.234552821273782,0.835,0.0997609758749857,0.95
"s27","Difficult",0,"C","C","cset","inc_rate",0.68562651270886,0.85,0.105403236484185,0.95
"s27","Difficult",0,"C","C","examiner","err_rate",0.234963002719698,0.805,0.101054654210956,0.95
"s27","Difficult",0,"C","C","examiner","inc_rate",0.684818962069577,0.74,0.0843933368365599,0.95
"s27","Difficult",0,"C","C","row","err_rate",0.235237695132722,0.565,0.0548553042968326,0.95
"s27","Difficult",0,"C","C","row","inc_rate",0.686124744172731,0.325,0.0332580860589996,0.95
"s28","Difficult",0,"C","D","cset","err_rate",0.240701925313963,0.825,0.106350084093121,0.95
"s28","Difficult",0,"C","D","cset","inc_rate",0.717668402538742,0.84,0.10395615226678,0.95
"s28","Difficult",0,"C","D","examiner","err_rate",0.240111266887923,0.825,0.104510058504456,0.95
"s28","Difficult",0,"C","D","examiner","inc_rate",0.718388159873615,0.72,0.0787103796584775,0.95
"s28","Difficult",0,"C","D","row","err_rate",0.240570894613812,0.57,0.0578349822803569,0.95
"s28","Difficult",0,"C","D","row","inc_rate",0.718836120778156,0.32,0.0322736654948082,0.95
"s29","Difficult",0.2,"A","A","cset","err_rate",0.119772757974392,0.75,0.046596559171205,0.95
"s29","Difficult",0.2,"A","A","cset","inc_rate",0.526981676366326,0.815,0.0995624817313557,0.95
"s29","Difficult",0.2,"A","A","examiner","err_rate",0.119844523805727,0.88,0.0653031781649553,0.95
"s29","Difficult",0.2,"A","A","examiner","inc_rate",0.525760159833287,0.815,0.103540844109095,0.95
"s29","Difficult",0.2,"A","A","row","err_rate",0.119452244599135,0.565,0.0337883393161484,0.95
"s29","Difficult",0.2,"A","A","row","inc_rate",0.527979730039415,0.375,0.0355818465432566,0.95
"s30","Difficult",0.2,"B","B","cset","err_rate",0.171816547039846,0.82,0.0681481920990361,0.95
"s30","Difficult",0.2,"B","B","cset","inc_rate",0.619343585159244,0.815,0.103495646474619,0.95
"s30","Difficult",0.2,"B","B","examiner","err_rate",0.171127333509892,0.895,0.0843677527346607,0.95
"s30","Difficult",0.2,"B","B","examiner","inc_rate",0.619043119112291,0.775,0.0956464370694516,0.95
"s30","Difficult",0.2,"B","B","row","err_rate",0.171984517464957,0.62,0.0439125257611649,0.95
"s30","Difficult",0.2,"B","B","row","inc_rate",0.619989470463587,0.415,0.0346912571162701,0.95
"s31","Difficult",0.2,"C","C","cset","err_rate",0.232319000937979,0.82,0.101208843974965,0.95
"s31","Difficult",0.2,"C","C","cset","inc_rate",0.698219575438488,0.845,0.104646928500447,0.95
"s31","Difficult",0.2,"C","C","examiner","err_rate",0.232848266526025,0.815,0.101883031724492,0.95
"s31","Difficult",0.2,"C","C","examiner","inc_rate",0.698435260900357,0.735,0.0821475873176437,0.95
"s31","Difficult",0.2,"C","C","row","err_rate",0.232972956347236,0.575,0.0554775033967582,0.95
"s31","Difficult",0.2,"C","C","row","inc_rate",0.698204223590905,0.305,0.032794484843281,0.95
"s32","Difficult",0.2,"C","D","cset","err_rate",0.236017097320943,0.82,0.108626942044465,0.95
"s32","Difficult",0.2,"C","D","cset","inc_rate",0.728685057748356,0.85,0.103997401291121,0.95
"s32","Difficult",0.2,"C","D","examiner","err_rate",0.236578525482351,0.8,0.10390196806928,0.95
"s32","Difficult",0.2,"C","D","examiner","inc_rate",0.728378933866486,0.715,0.0762119726848101,0.95
"s32","Difficult",0.2,"C","D","row","err_rate",0.232561076641383,0.575,0.0588883522668973,0.95
"s32","Difficult",0.2,"C","D","row","inc_rate",0.727822941171485,0.315,0.0317579401356388,0.95
"s33","Difficult",0.5,"A","A","cset","err_rate",0.117049897811613,0.79,0.0477211000439389,0.95
"s33","Difficult",0.5,"A","A","cset","inc_rate",0.548773817172245,0.815,0.100706720246528,0.95
"s33","Difficult",0.5,"A","A","examiner","err_rate",0.117750451286238,0.88,0.0642492428301423,0.95
"s33","Difficult",0.5,"A","A","examiner","inc_rate",0.548310881177705,0.8,0.102494202689835,0.95
"s33","Difficult",0.5,"A","A","row","err_rate",0.117082445611974,0.615,0.0342336839232966,0.95
"s33","Difficult",0.5,"A","A","row","inc_rate",0.549654428352314,0.39,0.035558078270603,0.95
"s34","Difficult",0.5,"B","B","cset","err_rate",0.16784374315049,0.815,0.0692499371179934,0.95
"s34","Difficult",0.5,"B","B","cset","inc_rate",0.638423803301153,0.82,0.103352530288106,0.95
"s34","Difficult",0.5,"B","B","examiner","err_rate",0.167384892337924,0.87,0.0828579065856028,0.95
"s34","Difficult",0.5,"B","B","examiner","inc_rate",0.639077686053759,0.765,0.0931595459138644,0.95
"s34","Difficult",0.5,"B","B","row","err_rate",0.168441797752573,0.595,0.044715842497394,0.95
"s34","Difficult",0.5,"B","B","row","inc_rate",0.640181746558979,0.42,0.0344156977226172,0.95
"s35","Difficult",0.5,"C","C","cset","err_rate",0.225848444233216,0.81,0.102337223669918,0.95
"s35","Difficult",0.5,"C","C","cset","inc_rate",0.714114183587294,0.845,0.10357124331735,0.95
"s35","Difficult",0.5,"C","C","examiner","err_rate",0.225174307931061,0.835,0.103015103125661,0.95
"s35","Difficult",0.5,"C","C","examiner","inc_rate",0.713147591333113,0.715,0.0790651230710153,0.95
"s35","Difficult",0.5,"C","C","row","err_rate",0.228505213262076,0.59,0.0567207834945439,0.95
"s35","Difficult",0.5,"C","C","row","inc_rate",0.717416415367037,0.3,0.0321975217656309,0.95
"s36","Difficult",0.5,"C","D","cset","err_rate",0.229696376880766,0.84,0.110823372200149,0.95
"s36","Difficult",0.5,"C","D","cset","inc_rate",0.744780320444221,0.855,0.103290611563149,0.95
"s36","Difficult",0.5,"C","D","examiner","err_rate",0.2289315173365,0.84,0.104293674901319,0.95
"s36","Difficult",0.5,"C","D","examiner","inc_rate",0.743172423979789,0.695,0.0735017091629664,0.95
"s36","Difficult",0.5,"C","D","row","err_rate",0.230596897258309,0.565,0.0601715892794312,0.95
"s36","Difficult",0.5,"C","D","row","inc_rate",0.744265751396744,0.33,0.0312001556884925,0.95
"s37","VeryDifficult",0,"A","A","cset","err_rate",0.141992340971327,0.755,0.0544784049623268,0.95
"s37","VeryDifficult",0,"A","A","cset","inc_rate",0.583192202016222,0.795,0.0979669649080272,0.95
"s37","VeryDifficult",0,"A","A","examiner","err_rate",0.142345692318978,0.91,0.074325963486109,0.95
"s37","VeryDifficult",0,"A","A","examiner","inc_rate",0.583858277541998,0.8,0.10192089575724,0.95
"s37","VeryDifficult",0,"A","A","row","err_rate",0.142742863870816,0.61,0.0389400211983705,0.95
"s37","VeryDifficult",0,"A","A","row","inc_rate",0.583958306993197,0.405,0.0355643316673346,0.95
"s38","VeryDifficult",0,"B","B","cset","err_rate",0.198807281069331,0.81,0.0789647355170847,0.95
"s38","VeryDifficult",0,"B","B","cset","inc_rate",0.672645562950318,0.79,0.0990772554618122,0.95
"s38","VeryDifficult",0,"B","B","examiner","err_rate",0.197721157821479,0.87,0.093977921552019,0.95
"s38","VeryDifficult",0,"B","B","examiner","inc_rate",0.671394458900417,0.78,0.0909727090378868,0.95
"s38","VeryDifficult",0,"B","B","row","err_rate",0.199099438845025,0.63,0.0502249155065409,0.95
"s38","VeryDifficult",0,"B","B","row","inc_rate",0.673518141067661,0.39,0.0336109971768041,0.95
"s39","VeryDifficult",0,"C","C","cset","err_rate",0.264574962067502,0.835,0.115565534699508,0.95
"s39","VeryDifficult",0,"C","C","cset","inc_rate",0.746642841824474,0.83,0.0973317148146637,0.95
"s39","VeryDifficult",0,"C","C","examiner","err_rate",0.265322109625794,0.81,0.112359158816707,0.95
"s39","VeryDifficult",0,"C","C","examiner","inc_rate",0.746896172215526,0.74,0.0764431510987458,0.95
"s39","VeryDifficult",0,"C","C","row","err_rate",0.266223674849467,0.58,0.06339708016987,0.95
"s39","VeryDifficult",0,"C","C","row","inc_rate",0.748774223653426,0.35,0.0308992032443795,0.95
"s40","VeryDifficult",0,"C","D","cset","err_rate",0.268089642755265,0.81,0.125017748531603,0.95
"s40","VeryDifficult",0,"C","D","cset","inc_rate",0.774980898785688,0.83,0.0947283938816481,0.95
"s40","VeryDifficult",0,"C","D","examiner","err_rate",0.266569763236087,0.805,0.116525214518801,0.95
"s40","VeryDifficult",0,"C","D","examiner","inc_rate",0.773757523067777,0.69,0.0711141753089975,0.95
"s40","VeryDifficult",0,"C","D","row","err_rate",0.266282818837336,0.585,0.0676964850830799,0.95
"s40","VeryDifficult",0,"C","D","row","inc_rate",0.775364619753632,0.355,0.029688056746246,0.95
"s41","VeryDifficult",0.2,"A","A","cset","err_rate",0.14063357662317,0.795,0.0556628077789142,0.95
"s41","VeryDifficult",0.2,"A","A","cset","inc_rate",0.599086748413186,0.785,0.0978856311301507,0.95
"s41","VeryDifficult",0.2,"A","A","examiner","err_rate",0.140980213604697,0.905,0.0754545583200855,0.95
"s41","VeryDifficult",0.2,"A","A","examiner","inc_rate",0.598618871327101,0.81,0.100809358293624,0.95
"s41","VeryDifficult",0.2,"A","A","row","err_rate",0.141614849995972,0.585,0.0395001053639061,0.95
"s41","VeryDifficult",0.2,"A","A","row","inc_rate",0.600234693303858,0.43,0.0350068766281371,0.95
"s42","VeryDifficult",0.2,"B","B","cset","err_rate",0.19681596770381,0.81,0.0803052210081633,0.95
"s42","VeryDifficult",0.2,"B","B","cset","inc_rate",0.685721830131021,0.8,0.0983768502181282,0.95
"s42","VeryDifficult",0.2,"B","B","examiner","err_rate",0.196309498902469,0.87,0.0953443296588699,0.95
"s42","VeryDifficult",0.2,"B","B","examiner","inc_rate",0.686295885803165,0.76,0.089252938411955,0.95
"s42","VeryDifficult",0.2,"B","B","row","err_rate",0.196130292520389,0.615,0.0509433143052887,0.95
"s42","VeryDifficult",0.2,"B","B","row","inc_rate",0.686486087848614,0.4,0.0331977180260462,0.95
"s43","VeryDifficult",0.2,"C","C","cset","err_rate",0.260565951862844,0.85,0.118439967392033,0.95
"s43","VeryDifficult",0.2,"C","C","cset","inc_rate",0.757186661742293,0.84,0.0959253377890003,0.95
"s43","VeryDifficult",0.2,"C","C","examiner","err_rate",0.258481551750744,0.845,0.112838308710513,0.95
"s43","VeryDifficult",0.2,"C","C","examiner","inc_rate",0.755660997533986,0.745,0.0744041748183735,0.95
"s43","VeryDifficult",0.2,"C","C","row","err_rate",0.260741679656101,0.555,0.0645763965754065,0.95
"s43","VeryDifficult",0.2,"C","C","row","inc_rate",0.758564980434786,0.37,0.0305327042235711,0.95
"s44","VeryDifficult",0.2,"C","D","cset","err_rate",0.263479422716814,0.845,0.126413240009162,0.95
"s44","VeryDifficult",0.2,"C","D","cset","inc_rate",0.784498998584661,0.835,0.0943701338540315,0.95
"s44","VeryDifficult",0.2,"C","D","examiner","err_rate",0.263414815586286,0.82,0.115097353227492,0.95
"s44","VeryDifficult",0.2,"C","D","examiner","inc_rate",0.784546856769844,0.71,0.0683155108883053,0.95
"s44","VeryDifficult",0.2,"C","D","row","err_rate",0.261118466527453,0.575,0.0688050041733631,0.95
"s44","VeryDifficult",0.2,"C","D","row","inc_rate",0.782222171516052,0.36,0.0293636284258429,0.95
"s45","VeryDifficult",0.5,"A","A","cset","err_rate",0.138065846904479,0.785,0.0565451868077843,0.95
"s45","VeryDifficult",0.5,"A","A","cset","inc_rate",0.619444808649299,0.775,0.0980732975793924,0.95
"s45","VeryDifficult",0.5,"A","A","examiner","err_rate",0.138297935310437,0.905,0.0754808490692452,0.95
"s45","VeryDifficult",0.5,"A","A","examiner","inc_rate",0.620234500633666,0.795,0.0990166262197107,0.95
"s45","VeryDifficult",0.5,"A","A","row","err_rate",0.137761215993983,0.645,0.0405521482459403,0.95
"s45","VeryDifficult",0.5,"A","A","row","inc_rate",0.62091844081655,0.375,0.0347292933600177,0.95
"s46","VeryDifficult",0.5,"B","B","cset","err_rate",0.1925434822541,0.845,0.0819912393889986,0.95
"s46","VeryDifficult",0.5,"B","B","cset","inc_rate",0.704865953488781,0.8,0.097355662614824,0.95
"s46","VeryDifficult",0.5,"B","B","examiner","err_rate",0.192630584801916,0.9,0.094036596465268,0.95
"s46","VeryDifficult",0.5,"B","B","examiner","inc_rate",0.70402574929453,0.735,0.0856727768213913,0.95
"s46","VeryDifficult",0.5,"B","B","row","err_rate",0.193763602092362,0.58,0.0522576972853751,0.95
"s46","VeryDifficult",0.5,"B","B","row","inc_rate",0.704203782599888,0.375,0.0325782857129406,0.95
"s47","VeryDifficult",0.5,"C","C","cset","err_rate",0.253048588934759,0.835,0.119430089682753,0.95
"s47","VeryDifficult",0.5,"C","C","cset","inc_rate",0.772866486272225,0.84,0.0950152090624569,0.95
"s47","VeryDifficult",0.5,"C","C","examiner","err_rate",0.253007173707651,0.825,0.113768244780984,0.95
"s47","VeryDifficult",0.5,"C","C","examiner","inc_rate",0.77135178133895,0.725,0.0710150680414718,0.95
"s47","VeryDifficult",0.5,"C","C","row","err_rate",0.252345184920574,0.57,0.0660167612912627,0.95
"s47","VeryDifficult",0.5,"C","C","row","inc_rate",0.773023060595311,0.36,0.029921337025258,0.95
"s48","VeryDifficult",0.5,"C","D","cset","err_rate",0.256516488375112,0.845,0.129251401981555,0.95
"s48","VeryDifficult",0.5,"C","D","cset","inc_rate",0.797865608048535,0.885,0.0930414941464613,0.95
"s48","VeryDifficult",0.5,"C","D","examiner","err_rate",0.255001389585623,0.83,0.117754687921348,0.95
"s48","VeryDifficult",0.5,"C","D","examiner","inc_rate",0.797150259682228,0.695,0.0655014617514965,0.95
"s48","VeryDifficult",0.5,"C","D","row","err_rate",0.260364950896189,0.59,0.0706589849393454,0.95
"s48","VeryDifficult",0.5,"C","D","row","inc_rate",0.799847887791826,0.37,0.0286276170475023,0.95
